{
  "project_info": {
    "project_number": "259276951865",
    "project_id": "covid-19-a52ba",
    "storage_bucket": "covid-19-a52ba.appspot.com"
  },
  "client": [
    {
      "client_info": {
        "mobilesdk_app_id": "1:259276951865:android:c0da78acaba2bc8e1818e8",
        "android_client_info": {
          "package_name": "com.mayank.gautam99.covid19"
        }
      },
      "oauth_client": [
        {
          "client_id": "259276951865-7c59le9mtulhd7j3i5mbu5dr09q66h8d.apps.googleusercontent.com",
          "client_type": 3
        }
      ],
      "api_key": [
        {
          "current_key": "AIzaSyDY07f7CmSEkMXcmTmChu1ofwulkBXyrjg"
        }
      ],
      "services": {
        "appinvite_service": {
          "other_platform_oauth_client": [
            {
              "client_id": "259276951865-7c59le9mtulhd7j3i5mbu5dr09q66h8d.apps.googleusercontent.com",
              "client_type": 3
            }
          ]
        }
      }
    }
  ],
  "configuration_version": "1"
}